"feature"	"metadata"	"value"	"name"	"coef"	"null_hypothesis"	"stderr"	"pval_individual"	"qval_individual"	"pval_joint"	"qval_joint"	"error"	"model"	"N"	"N_not_zero"
"g__Stenotrophomonas_A_615274"	"Sex"	"F"	"SexF"	-2.51720703212951	0	0.63285300691888	6.96278030424099e-05	0.0116278431080825	0.000139250758053863	0.0143428280795479	NA	"prevalence"	111	26
"g__Stenotrophomonas_A_615274"	"Sex"	"F"	"SexF"	-7.49222339997758	1.05080657234561	2.05516884626039	0.000407358919678469	0.0340144697931521	0.000139250758053863	0.0143428280795479	NA	"abundance"	111	26
