"Df"	"SumOfSqs"	"R2"	"F"	"Pr(>F)"
"Treatment"	1	0.0373010949408439	0.00601395506415248	0.659487228550506	0.502
"Residual"	109	6.16512219271978	0.993986044935847	NA	NA
"Total"	110	6.20242328766062	1	NA	NA
