"Df"	"SumOfSqs"	"R2"	"F"	"Pr(>F)"
"Treatment"	1	0.415485357212899	0.0744546798484348	5.71153260044921	0.002
"Residual"	71	5.16489398306081	0.925545320151565	NA	NA
"Total"	72	5.58037934027371	1	NA	NA
