"Df"	"SumOfSqs"	"R2"	"F"	"Pr(>F)"
"Treatment"	1	0.0520678411222186	0.080734184949206	4.03993322373059	0.004
"Residual"	46	0.592861455618402	0.919265815050793	NA	NA
"Total"	47	0.644929296740621	1	NA	NA
