"Df"	"SumOfSqs"	"R2"	"F"	"Pr(>F)"
"Treatment"	1	0.0303826589832812	0.0156565812215759	0.731657999081527	0.526
"Residual"	46	1.91018524363212	0.984343418778423	NA	NA
"Total"	47	1.9405679026154	1	NA	NA
