"Df"	"SumOfSqs"	"R2"	"F"	"Pr(>F)"
"Genotype"	1	0.0502280189735416	0.00499648897573659	0.718085831470911	0.542
"Residual"	143	10.0024348043517	0.995003511024262	NA	NA
"Total"	144	10.0526628233252	1	NA	NA
