"feature"	"metadata"	"value"	"name"	"coef"	"null_hypothesis"	"stderr"	"pval_individual"	"qval_individual"	"pval_joint"	"qval_joint"	"error"	"model"	"N"	"N_not_zero"
"f__Muribaculaceae Family"	"Sex"	"F"	"SexF"	-1.34867484502314	0.0707771090052037	0.34356897583429	0.000270359560881506	0.045420406228093	0.000540646027470852	0.0383125607319105	NA	"abundance"	73	64
"g__Duncaniella"	"Sex"	"F"	"SexF"	-0.971035711374612	0.0707771090052037	0.258729063513729	0.000789949705812587	0.0663557752882573	0.000789949705812587	0.0383125607319105	NA	"abundance"	73	62
"f__Lachnospiraceae Family"	"Sex"	"F"	"SexF"	-1.54489382720274	0	0.502371478272862	0.00210359954136465	0.0883511807373155	0.00420277395169888	0.101917268328698	NA	"prevalence"	73	39
"g__Granulimonas"	"Sex"	"F"	"SexF"	-1.57012980157855	0	0.507949597925325	0.00199407472036779	0.0883511807373155	0.00398417310674516	0.101917268328698	NA	"prevalence"	73	41
"g__Schaedlerella"	"Sex"	"F"	"SexF"	-1.83632977559588	0	0.613276140907133	0.002750797014453	0.0924267796856209	0.00549402714469129	0.106584126607011	NA	"prevalence"	73	20
"f__Muribaculaceae Family"	"Sex"	"F"	"SexF"	-2.07659988084757	0	0.992932183737881	0.0364938899455222	0.331991479298239	0.000540646027470852	0.0383125607319105	NA	"prevalence"	73	64
"g__Duncaniella"	"Sex"	"F"	"SexF"	-0.599163323725783	0	0.661367282748174	0.36496421146203	0.714611574262897	0.000789949705812587	0.0383125607319105	"Prevalence association possibly induced 
by stronger abundance association"	"prevalence"	73	62
